{
  "version": 1,
  "width": 283,
  "height": 70,
  "duration": 77.211975,
  "command": null,
  "title": null,
  "env": {
    "TERM": "xterm-256color",
    "SHELL": "/bin/zsh"
  },
  "stdout": [
    [
      0.441172,
      "\u001b[1m\u001b[7m%\u001b[27m\u001b[1m\u001b[0m                                                                                                                                                                                                                                                                                          \r \r"
    ],
    [
      0.003071,
      "\u001b]2;nicj@Nics-MacBook-Pro: ~/Developer/go/src/github.com/nicholasjackson/example\u0007\u001b]1;..ckson/example\u0007"
    ],
    [
      0.183621,
      "\r\u001b[0m\u001b[27m\u001b[24m\u001b[J\r\n\u001b[39m\u001b[0m\u001b[49m\u001b[47m\u001b[30m  master \u001b[31m✘\u001b[30m \u001b[31m✖\u001b[30m \u001b[33m✭\u001b[30m \u001b[40m\u001b[37m\u001b[39m nicj@Nics-MacBook-Pro \u001b[44m\u001b[30m\u001b[37m example \u001b[46m\u001b[34m\u001b[37m go  1.8 \u001b[47m\u001b[36m\u001b[30m 11:03:18 \u001b[49m\u001b[37m\u001b[39m\r\n\u001b[01;39m\u001b[32m$\u001b[39m\u001b[00m\u001b[K"
    ],
    [
      2.5e-05,
      "\u001b[?1h\u001b="
    ],
    [
      8.4e-05,
      "\u001b[?2004h"
    ],
    [
      1.853761,
      "c"
    ],
    [
      0.191767,
      "\bcd"
    ],
    [
      0.104427,
      " "
    ],
    [
      0.688005,
      "%"
    ],
    [
      0.871065,
      "\b \b"
    ],
    [
      0.321308,
      "$"
    ],
    [
      0.519587,
      "G"
    ],
    [
      0.151486,
      "O"
    ],
    [
      0.438937,
      "PATH\u001b[1m/\u001b[0m"
    ],
    [
      0.409711,
      "\b\u001b[0m/s"
    ],
    [
      0.087723,
      "r"
    ],
    [
      0.318254,
      "c\u001b[1m/\u001b[0m"
    ],
    [
      1.544639,
      "\b\u001b[0m/g"
    ],
    [
      0.103225,
      "i"
    ],
    [
      0.129873,
      "t"
    ],
    [
      0.388341,
      "hub.com\u001b[1m/\u001b[0m"
    ],
    [
      0.732537,
      "\b\u001b[0m/n"
    ],
    [
      0.095041,
      "i"
    ],
    [
      0.136192,
      "c"
    ],
    [
      0.25211,
      "holasjackson\u001b[1m/\u001b[0m"
    ],
    [
      0.827907,
      "\b\u001b[0m/e"
    ],
    [
      0.430942,
      "x"
    ],
    [
      0.326268,
      "ample\u001b[1m/\u001b[0m"
    ],
    [
      1.082723,
      "\b\u001b[0m/_"
    ],
    [
      0.496177,
      "m"
    ],
    [
      0.150961,
      "i"
    ],
    [
      0.294151,
      "nke\u001b[1m/\u001b[0m"
    ],
    [
      0.674269,
      "\b\u001b[0m \b"
    ],
    [
      3.5e-05,
      "\u001b[?1l\u001b>"
    ],
    [
      7.6e-05,
      "\u001b[?2004l\r\r\n"
    ],
    [
      0.005275,
      "\u001b]2;cd $GOPATH/src/github.com/nicholasjackson/example/_minke\u0007\u001b]1;cd\u0007"
    ],
    [
      0.000109,
      "\u001b[1m\u001b[7m%\u001b[27m\u001b[1m\u001b[0m                                                                                                                                                                                                                                                                                          \r \r"
    ],
    [
      0.004837,
      "\u001b]2;nicj@Nics-MacBook-Pro: ~/Developer/go/src/github.com/nicholasjackson/example/_minke\u0007\u001b]1;..xample/_minke\u0007"
    ],
    [
      0.180921,
      "\r\u001b[0m\u001b[27m\u001b[24m\u001b[J\r\n\u001b[39m\u001b[0m\u001b[49m\u001b[47m\u001b[30m  master \u001b[31m✘\u001b[30m \u001b[31m✖\u001b[30m \u001b[33m✭\u001b[30m \u001b[40m\u001b[37m\u001b[39m nicj@Nics-MacBook-Pro \u001b[44m\u001b[30m\u001b[37m _minke \u001b[47m\u001b[34m\u001b[30m 11:03:32 \u001b[49m\u001b[37m\u001b[39m\r\n\u001b[01;39m\u001b[32m$\u001b[39m\u001b[00m\u001b[K"
    ],
    [
      2e-05,
      "\u001b[?1h\u001b=\u001b[?2004h"
    ],
    [
      0.568962,
      "."
    ],
    [
      0.207894,
      "\b./"
    ],
    [
      0.240119,
      "m"
    ],
    [
      0.142832,
      "i"
    ],
    [
      0.16117,
      "n"
    ],
    [
      0.127142,
      "k"
    ],
    [
      0.145156,
      "e"
    ],
    [
      0.160286,
      " "
    ],
    [
      0.190672,
      "-"
    ],
    [
      0.888772,
      "c"
    ],
    [
      0.608261,
      "\b \b"
    ],
    [
      0.184036,
      "v"
    ],
    [
      0.280514,
      " "
    ],
    [
      0.191572,
      "s"
    ],
    [
      0.135446,
      "h"
    ],
    [
      0.128426,
      "e"
    ],
    [
      0.20019,
      "l"
    ],
    [
      0.159424,
      "l"
    ],
    [
      0.760381,
      "\u001b[?1l\u001b>"
    ],
    [
      3.3e-05,
      "\u001b[?2004l\r\r\n"
    ],
    [
      0.006497,
      "\u001b]2;./minke -v shell\u0007\u001b]1;./minke\u0007"
    ],
    [
      0.033677,
      "Running command: minke -v shell\r\n"
    ],
    [
      0.016798,
      "Cannot connect to the Docker daemon at unix:///var/run/docker.sock. Is the docker daemon running?\r\n"
    ],
    [
      0.019229,
      "docker: Cannot connect to the Docker daemon at unix:///var/run/docker.sock. Is the docker daemon running?.\r\nSee 'docker run --help'.\r\n"
    ],
    [
      0.018898,
      "Cannot connect to the Docker daemon at unix:///var/run/docker.sock. Is the docker daemon running?\r\n"
    ],
    [
      0.002062,
      "\u001b[1m\u001b[7m%\u001b[27m\u001b[1m\u001b[0m                                                                                                                                                                                                                                                                                          \r \r"
    ],
    [
      0.004461,
      "\u001b]2;nicj@Nics-MacBook-Pro: ~/Developer/go/src/github.com/nicholasjackson/example/_minke\u0007\u001b]1;..xample/_minke\u0007"
    ],
    [
      0.154116,
      "\r\u001b[0m\u001b[27m\u001b[24m\u001b[J\r\n\u001b[39m\u001b[0m\u001b[49m\u001b[47m\u001b[30m  master \u001b[31m✘\u001b[30m \u001b[31m✖\u001b[30m \u001b[33m✭\u001b[30m \u001b[40m\u001b[37m\u001b[39m nicj@Nics-MacBook-Pro \u001b[44m\u001b[30m\u001b[37m _minke \u001b[47m\u001b[34m\u001b[30m 11:03:38 \u001b[49m\u001b[37m\u001b[39m\r\n\u001b[01;39m\u001b[32m$\u001b[39m\u001b[00m\u001b[K"
    ],
    [
      2.1e-05,
      "\u001b[?1h\u001b="
    ],
    [
      1e-05,
      "\u001b[?2004h"
    ],
    [
      0.792126,
      "d"
    ],
    [
      0.216143,
      "\bde"
    ],
    [
      0.112039,
      "n"
    ],
    [
      0.119688,
      "v"
    ],
    [
      0.183842,
      "\u001b[?1l\u001b>"
    ],
    [
      2.5e-05,
      "\u001b[?2004l\r\r\n"
    ],
    [
      0.005107,
      "\u001b]2;eval $(docker-machine env default)\u0007\u001b]1;denv\u0007"
    ],
    [
      0.209045,
      "\u001b[1m\u001b[7m%\u001b[27m\u001b[1m\u001b[0m                                                                                                                                                                                                                                                                                          \r \r"
    ],
    [
      0.003667,
      "\u001b]2;nicj@Nics-MacBook-Pro: ~/Developer/go/src/github.com/nicholasjackson/example/_minke\u0007\u001b]1;..xample/_minke\u0007"
    ],
    [
      0.142539,
      "\r\u001b[0m\u001b[27m\u001b[24m\u001b[J\r\n\u001b[39m\u001b[0m\u001b[49m\u001b[47m\u001b[30m  master \u001b[31m✘\u001b[30m \u001b[31m✖\u001b[30m \u001b[33m✭\u001b[30m \u001b[40m\u001b[37m\u001b[39m nicj@Nics-MacBook-Pro \u001b[44m\u001b[30m\u001b[37m _minke \u001b[47m\u001b[34m\u001b[30m 11:03:39 \u001b[49m\u001b[37m\u001b[39m\r\n\u001b[01;39m\u001b[32m$\u001b[39m\u001b[00m\u001b[K"
    ],
    [
      7.6e-05,
      "\u001b[?1h\u001b=\u001b[?2004h"
    ],
    [
      0.502403,
      "denv"
    ],
    [
      0.207018,
      "\b\b\b\b./minke -v shell"
    ],
    [
      0.39469,
      "\u001b[?1l\u001b>\u001b[?2004l"
    ],
    [
      2.6e-05,
      "\r\r\n"
    ],
